threshold,time
2,1283.20666666666666666666
4,659.86100000000000000000
8,319.78400000000000000000
16,187.03700000000000000000
32,76.38643333333333333333
64,42.39760000000000000000
128,29.51066666666666666666
256,27.75523333333333333333
512,26.90280000000000000000
1024,25.94736666666666666666
